,content_length,section_level,section_number,total_sections,word_count,character_count,average_word_length
count,54205.0,54205.0,54205.0,54205.0,54205.0,54205.0,54205.0
mean,1439.2821879900378,2.554911908495526,11.141721243427728,21.283442486855456,220.69229775850937,1439.2821879900378,6.66459951659396
std,2338.6913636318304,0.8181872567675442,9.022229307522302,11.454411785956546,362.6905980912804,2338.6913636318304,2.2220227146757945
min,14.0,0.0,1.0,1.0,7.0,14.0,1.95
25%,252.0,2.0,4.0,14.0,39.0,252.0,6.120836560805577
50%,760.0,2.0,9.0,19.0,116.0,760.0,6.5
75%,1756.0,3.0,15.0,27.0,269.0,1756.0,6.931034482758621
max,129839.0,6.0,79.0,79.0,24030.0,129839.0,114.0
